id,j1_exceed_count,j1_exceed_frac,j1_S_local_max,j1_local_max,j1_exceeds_thresh,j1_energy,j1_energy_norm,j2_exceed_count,j2_exceed_frac,j2_S_local_max,j2_local_max,j2_exceeds_thresh,j2_energy,j2_energy_norm,j3_exceed_count,j3_exceed_frac,j3_S_local_max,j3_local_max,j3_exceeds_thresh,j3_energy,j3_energy_norm,j4_exceed_count,j4_exceed_frac,j4_S_local_max,j4_local_max,j4_exceeds_thresh,j4_energy,j4_energy_norm,S_local_max_over_j,cnt_local_sum_over_j,energy_sum_over_j,energy_ratio_post_pre,mean_ratio_post_pre,var_ratio_post_pre,ks_stat_raw,ks_p_raw,ks_stat_abs,ks_p_abs,arch_lm_p,ljungbox_p_ac_5,ljungbox_p_ac_10,ljungbox_p_ac_15,ljungbox_p_ac2_5,ljungbox_p_ac2_10,ljungbox_p_ac2_15,log_energy_ratio_l2norm_over_j,p_wavelet_break,confidence
0,0.0,0.0,0.08015084493883239,-0.08015084493883239,0.0,0.006424157944408753,0.006424157944408753,0.0,0.0,0.551973055147912,0.551973055147912,0.0,0.3046742536093198,0.3046742536093198,0.0,0.0,1.4127583092400147,-1.4127583092400147,0.0,1.995886040326705,1.995886040326705,0.0,0.0,0.00037738091416421315,-0.00037738091416421315,0.0,1.4241635437541721e-07,1.4241635437541721e-07,0.551973055147912,0.0,2.3069845942967877,0.21021489682396027,0.4367460807292457,0.9659908842371913,0.0327270804694935,0.9494241115263393,0.03997039230199852,0.8178167938505715,0.5840981987831537,0.09499806367495041,0.09499806367495041,0.09499806367495041,0.5008278170303084,0.5008278170303084,0.5008278170303084,0.7026106501782492,0.1784321144905873,0.3058360139955787
1,0.0,0.0,0.47326003509737113,-0.47326003509737113,0.0,0.22397506082036495,0.22397506082036495,0.0,0.0,0.4155077223153279,0.4155077223153279,0.0,0.17264666730367165,0.17264666730367165,0.0,0.0,0.27723469125759315,-0.27723469125759315,0.0,0.076859074036693,0.076859074036693,0.0,0.0,0.1581617339670079,0.1581617339670079,0.0,0.025015134091450578,0.025015134091450578,0.4155077223153279,0.0,0.4984959362521802,0.08130503478640157,-0.7005700010637261,0.6482521082601412,0.0814087814485508,0.06792102821819614,0.08690073762652804,0.04253120139215519,4.612383287121486e-77,0.4683440064938208,0.4683440064938208,0.4683440064938208,0.0332947759016496,0.0332947759016496,0.0332947759016496,-1.223777839083967,-0.15779544847895807,0.6961865861425911
2,0.0,0.0,0.6143565394388885,0.6143565394388885,0.0,0.3774339575513265,0.3774339575513265,0.0,0.0,0.2561308194959665,0.2561308194959665,0.0,0.06560299669567538,0.06560299669567538,,,,,,,,,,,,,,,0.6143565394388885,0.0,0.4430369542470019,0.3919080452923522,4.5982672717175745,1.7654843858062883,0.09038822467009851,0.0018782658549449296,0.11890935875721496,1.1715318275459721e-05,4.900326043177628e-55,0.11210703484574432,0.11210703484574432,0.11210703484574432,0.3451360796116373,0.3451360796116373,0.3451360796116373,-0.9594778440777152,-0.09165113629752049,0.7355674650601137
3,0.0,0.0,0.35416133641824216,-0.35416133641824216,0.0,0.1254302522135553,0.1254302522135553,0.0,0.0,0.8038366606260832,-0.8038366606260832,0.0,0.6461533769664928,0.6461533769664928,0.0,0.0,0.9411650609494326,-0.9411650609494326,0.0,0.8857916719519493,0.8857916719519493,0.0,0.0,0.10032996676767206,-0.10032996676767206,0.0,0.010066102231602179,0.010066102231602179,-0.10032996676767206,0.0,1.6674414033635996,0.33875691735154245,0.8562342685410544,1.2240922690568894,0.04035607602318302,0.3866056097780321,0.05844619971591764,0.06594790825031273,5.369861619205737e-14,0.3501577529695683,0.3501577529695683,0.3501577529695683,0.9375001293633489,0.9375001293633489,0.9375001293633489,0.09859488226198668,0.005284706291700883,0.5817804494193688
4,0.0,0.0,0.6280164994514819,-0.6280164994514819,0.0,0.3944047235832931,0.3944047235832931,0.0,0.0,0.054185888799798985,0.054185888799798985,0.0,0.002936110545024181,0.002936110545024181,,,,,,,,,,,,,,,0.054185888799798985,0.0,0.3973408341283173,0.290654265735647,-1.485165823074099,1.0561446178473959,0.022052906859786763,0.993223980186345,0.033364567120880054,0.8056540954172968,0.4664011489725215,0.9964967137281455,0.9964967137281455,0.9964967137281455,0.8786783075715526,0.8786783075715526,0.8786783075715526,-0.9303499708379953,-0.14903767416191044,0.12961911812241544
5,0.0,0.0,0.25557087343576795,0.25557087343576795,0.0,0.06531647134872132,0.06531647134872132,0.0,0.0,0.32012795210264905,0.32012795210264905,0.0,0.10248190571743597,0.10248190571743597,,,,,,,,,,,,,,,0.32012795210264905,0.0,0.1677983770661573,0.4955288032483049,0.5684233278533337,0.9910398341811913,0.062477648236892926,0.05496047821617905,0.07888086212240422,0.006600643341781373,0.9988599339789095,0.9322121174998195,0.9322121174998195,0.9322121174998195,0.2324894164156082,0.2324894164156082,0.2324894164156082,-2.1076198106175084,-0.3157001959804015,0.40830559630500296
6,0.0,0.0,0.6130128360404307,0.6130128360404307,0.0,0.37578473715033195,0.37578473715033195,0.0,0.0,0.14279417876983966,-0.14279417876983966,0.0,0.020390177490552927,0.020390177490552927,,,,,,,,,,,,,,,0.6130128360404307,0.0,0.3961749146408849,0.532893387487817,0.8280473812386248,0.8660823459627891,0.026223776223776224,0.7927795875280212,0.03766687857596949,0.3530738154606603,4.288907081299994e-29,0.3594515095218024,0.3594515095218024,0.3594515095218024,0.4589681681080304,0.4589681681080304,0.4589681681080304,-0.9772688820120164,-0.09476560966417712,0.47003422970644504
7,0.0,0.0,0.4983850987705478,-0.4983850987705478,0.0,0.2483877066765287,0.2483877066765287,0.0,0.0,0.3696471742275073,0.3696471742275073,0.0,0.13663903341438113,0.13663903341438113,0.0,0.0,0.5267874613123369,0.5267874613123369,0.0,0.27750502939589683,0.27750502939589683,,,,,,,,0.5267874613123369,0.0,0.6625317694868067,0.27235388010292766,13.210510296049465,0.6751030811674017,0.12305277174293924,1.4524281525144773e-07,0.1265323428411241,5.658834726505673e-08,2.3175119577408023e-24,0.36602437189655546,0.36602437189655546,0.36602437189655546,0.564852216131273,0.564852216131273,0.564852216131273,-0.9245596069875823,-0.09556132768544852,0.6878000352938949
8,0.0,0.0,0.5263554408725896,0.5263554408725896,0.0,0.2770500501361781,0.2770500501361781,0.0,0.0,2.3865213290982497,-2.3865213290982497,0.0,5.695484054240876,5.695484054240876,,,,,,,,,,,,,,,0.5263554408725896,0.0,5.972534104377054,0.0707497996418767,0.7546646746944203,0.42660951046849493,0.04631588496779461,0.6153594335475342,0.06192325138347093,0.26107217813887135,0.00030074152923836297,0.9503562867418877,0.9503562867418877,0.9503562867418877,0.9537698399852255,0.9537698399852255,0.9537698399852255,1.7408553022730844,0.3486264882535796,0.5039662143348759
9,0.0,0.0,0.10971220263058842,-0.10971220263058842,0.0,0.012036767406055294,0.012036767406055294,0.0,0.0,0.5305009116954537,-0.5305009116954537,0.0,0.2814312173097075,0.2814312173097075,0.0,0.0,0.5565913665136238,-0.5565913665136238,0.0,0.30979394927750314,0.30979394927750314,0.0,0.0,0.7753398377908867,-0.7753398377908867,0.0,0.6011518640655984,0.6011518640655984,-0.10971220263058842,0.0,1.2044137980588643,0.2203256474864308,-9.866513321517207,0.6626005536446865,0.09216339148952069,0.00012205938770205998,0.11735182314043412,2.9731229886978444e-07,6.583090995277212e-40,0.44433991458302946,0.44433991458302946,0.44433991458302946,0.4050660862534554,0.4050660862534554,0.4050660862534554,-0.311154023274935,-0.06404924861588789,0.7022250788531738
10,0.0,0.0,0.32874061696541573,-0.32874061696541573,0.0,0.10807039324280218,0.10807039324280218,0.0,0.0,0.326024369633528,0.326024369633528,0.0,0.10629188959493929,0.10629188959493929,,,,,,,,,,,,,,,0.326024369633528,0.0,0.21436228283774147,0.08897539933502514,-0.37012332695124955,0.4559745485606105,0.11544327931363203,0.00019265841507512852,0.16468413587853706,1.3470730062897989e-08,4.7331312371867965e-28,0.8566358272039153,0.8566358272039153,0.8566358272039153,0.9571804075311159,0.9571804075311159,0.9571804075311159,-1.8866269585451776,-0.27821289646491537,0.5629372628563528
11,0.0,0.0,0.2847455558141082,0.2847455558141082,0.0,0.08108003155588542,0.08108003155588542,0.0,0.0,0.00773748485180694,0.00773748485180694,0.0,5.986867183194187e-05,5.986867183194187e-05,,,,,,,,,,,,,,,0.2847455558141082,0.0,0.08113990022771736,0.38753037420711206,-0.3397849967650003,0.633365253719552,0.0540065292120985,0.06800005402454413,0.030383897492811382,0.6520310647575633,7.71842020953335e-48,1.6237379326329188e-05,1.6237379326329188e-05,1.6237379326329188e-05,0.05553781059092553,0.05553781059092553,0.05553781059092553,-2.512318295581931,-0.38708132083986535,0.5730221072785803
12,0.0,0.0,1.1420493025147869,1.1420493025147869,0.0,1.304276609374511,1.304276609374511,0.0,0.0,0.6735811130418844,0.6735811130418844,0.0,0.45371151584674385,0.45371151584674385,0.0,0.0,0.7649462893617942,0.7649462893617942,0.0,0.5851428256083778,0.5851428256083778,,,,,,,,1.1420493025147869,0.0,2.3431309508296327,0.46197818766180493,0.885206807664425,0.5965210813895196,0.06260131031324054,0.03850116720112529,0.10765676961984985,1.7795619437731443e-05,1.7261235085635286e-27,0.4516644249397873,0.4516644249397873,0.4516644249397873,0.27286272696047686,0.27286272696047686,0.27286272696047686,0.40532814262530636,0.1944490573836385,0.7587333037225887
13,0.0,0.0,0.28586213067966876,0.28586213067966876,0.0,0.08171715775672002,0.08171715775672002,0.0,0.0,0.6158437708690939,-0.6158437708690939,0.0,0.37926355011826507,0.37926355011826507,0.0,0.0,0.36562335827025966,-0.36562335827025966,0.0,0.13368044011282265,0.13368044011282265,0.0,0.0,0.30940561560247337,0.30940561560247337,0.0,0.09573183496634552,0.09573183496634552,0.30940561560247337,0.0,0.6903929829541532,0.36812138694883534,1.016891705049584,0.9181883769917647,0.030597920575628733,0.5265740381614299,0.04647031483999793,0.09819805501112631,3.1176586011314664e-45,0.5068581749019282,0.5068581749019282,0.5068581749019282,0.43003091922981396,0.43003091922981396,0.43003091922981396,-0.8642414321290836,-0.10966183695457243,0.5594243045614
14,0.0,0.0,1.9972303707941332,1.9972303707941332,0.0,3.988929154022471,3.988929154022471,0.0,0.0,0.1382486821845108,0.1382486821845108,0.0,0.019112698125753877,0.019112698125753877,0.0,0.0,0.011215529603797984,0.011215529603797984,0.0,0.00012578810429366897,0.00012578810429366897,,,,,,,,1.9972303707941332,0.0,4.008167640252518,0.1725938233281743,0.09820772434175408,0.6359938718756721,0.0288150139641626,0.8637102792072856,0.03212942810945627,0.7629125219383374,0.9992606304502005,0.9888676797013469,0.9888676797013469,0.9888676797013469,0.7631483113612461,0.7631483113612461,0.7631483113612461,1.3835342917246514,0.4525035342645678,0.19012242142748956
15,0.0,0.0,0.45718160430592597,0.45718160430592597,0.0,0.20901501931574026,0.20901501931574026,1.0,1.0,1.2106812883191007,-1.2106812883191007,0.0,1.4657491818859976,1.4657491818859976,,,,,,,,,,,,,,,0.45718160430592597,1.0,1.6747642012017379,0.2848255602483751,2.675576597226312,0.5090284334648668,0.07531077142687206,0.016686473450833586,0.11438371101726838,3.321920508363618e-05,1.720990377635682e-36,0.8127576385054128,0.8127576385054128,0.8127576385054128,0.8321374029105028,0.8321374029105028,0.8321374029105028,0.3924318058577403,0.14953659034361516,0.6620738753959481
16,0.0,0.0,0.801329131863496,-0.801329131863496,0.0,0.6421283775731041,0.6421283775731041,0.0,0.0,1.3269734265971118,1.3269734265971118,0.0,1.7608584748948806,1.7608584748948806,,,,,,,,,,,,,,,1.3269734265971118,0.0,2.4029868524679845,0.14275890525950835,0.48397335399654623,0.3034306169913211,0.1387434403580058,9.219805947624748e-11,0.2670504425914938,5.369188777496685e-39,1.753676560272919e-34,0.8085499355241634,0.8085499355241634,0.8085499355241634,0.00959755023767233,0.00959755023767233,0.00959755023767233,0.6282282725458681,0.2521462039351015,0.7686144921923971
17,0.0,0.0,0.6119326603084677,-0.6119326603084677,0.0,0.37446158075219854,0.37446158075219854,0.0,0.0,0.3271085824666816,-0.3271085824666816,0.0,0.10700002472336186,0.10700002472336186,,,,,,,,,,,,,,,-0.3271085824666816,0.0,0.4814616054755604,0.31349028309573845,1.9004869122554222,1.026926670792998,0.06257089920531489,0.04375117648065859,0.03143204498252368,0.7133300886612643,2.146631713273331e-12,0.90442508562642,0.90442508562642,0.90442508562642,0.0002140615246116383,0.0002140615246116383,0.0002140615246116383,-0.9430225006033061,-0.1935158148190712,0.5194166692922687
18,0.0,0.0,0.3181379327330083,0.3181379327330083,0.0,0.10121174424363209,0.10121174424363209,0.0,0.0,0.6725521548670969,-0.6725521548670969,0.0,0.45232640101637545,0.45232640101637545,,,,,,,,,,,,,,,0.3181379327330083,0.0,0.5535381452600076,0.3344491306581193,1.4244016021592376,0.8269204905340183,0.035805837519844404,0.5858237619190967,0.054308629236295945,0.1292372323534912,0.20888474229269294,0.9942698411047493,0.9942698411047493,0.9942698411047493,0.8629750911308831,0.8629750911308831,0.8629750911308831,-0.7689238978182248,-0.09280532377714766,0.41092529470795114
19,0.0,0.0,0.26489977275826365,0.26489977275826365,0.0,0.07017188960737972,0.07017188960737972,0.0,0.0,0.2837915021955376,0.2837915021955376,0.0,0.08053761671839983,0.08053761671839983,0.0,0.0,0.30669004482309076,-0.30669004482309076,0.0,0.09405878359358942,0.09405878359358942,0.0,0.0,1.4269469357179858,1.4269469357179858,0.0,2.0361775573549497,2.0361775573549497,1.4269469357179858,0.0,2.2809458472743187,0.17390997445685455,1.6096998403996605,0.5569331112504737,0.09305103148751358,7.531430496922794e-05,0.1731589704285623,9.383878721770873e-16,6.483995527625776e-68,0.9206007535991396,0.9206007535991396,0.9206007535991396,0.47894568763640055,0.47894568763640055,0.47894568763640055,0.713511355825711,0.2774682188285058,0.7155239367811531
20,0.0,0.0,0.19564497394815883,-0.19564497394815883,0.0,0.03827695583117575,0.03827695583117575,0.0,0.0,0.36838146142749245,-0.36838146142749245,0.0,0.1357049011234551,0.1357049011234551,0.0,0.0,0.8646553972314593,-0.8646553972314593,0.0,0.7476289559614927,0.7476289559614927,0.0,0.0,0.7161636773916998,-0.7161636773916998,0.0,0.5128904128152028,0.5128904128152028,-0.19564497394815883,0.0,1.4345012257313263,0.546209633636468,-0.45606227497644986,1.0687876485871473,0.03518792888334373,0.42824271548439213,0.032434302869619465,0.5325747178429453,0.35867196425295,0.9793042626280889,0.9793042626280889,0.9793042626280889,0.26841816061075774,0.26841816061075774,0.26841816061075774,-0.08605499029854716,-0.03608082882177551,0.4041137123957027
21,0.0,0.0,0.9434070537693673,-0.9434070537693673,0.0,0.8900168691017979,0.8900168691017979,0.0,0.0,0.46527441037334705,-0.46527441037334705,0.0,0.21648027694826574,0.21648027694826574,0.0,0.0,0.22925494151893755,0.22925494151893755,0.0,0.052557828210851476,0.052557828210851476,,,,,,,,0.22925494151893755,0.0,1.159054974260915,0.29621944795875993,0.9462420890490008,0.7981282606043507,0.04720079129574679,0.5561658789020232,0.0799841740850643,0.05654367096985777,0.9999999963239151,0.9929373462176653,0.9929373462176653,0.9929373462176653,0.9401376365015667,0.9401376365015667,0.9401376365015667,-0.08613250911638909,0.011117353093817103,0.28637406310768104
22,0.0,0.0,0.2559881348619692,-0.2559881348619692,0.0,0.06552992519010972,0.06552992519010972,0.0,0.0,0.175509880726719,-0.175509880726719,0.0,0.03080371823270713,0.03080371823270713,0.0,0.0,0.16356043369360826,-0.16356043369360826,0.0,0.026752015470041225,0.026752015470041225,0.0,0.0,0.09802810542678031,0.09802810542678031,0.0,0.009609509453563956,0.009609509453563956,0.09802810542678031,0.0,0.13269516834642203,0.12892405233840531,0.28647772332980753,0.32707312522010645,0.13754456066126064,5.623427447653753e-08,0.2441659811180319,2.4983915214406916e-24,7.289858149338671e-43,0.3689063524998425,0.3689063524998425,0.3689063524998425,0.5685277006617329,0.5685277006617329,0.5685277006617329,-2.5537614733431835,-0.4147349005097772,0.6233096033350322
23,0.0,0.0,0.3889458401244183,-0.3889458401244183,0.0,0.15127886655008957,0.15127886655008957,0.0,0.0,0.07096311175741866,0.07096311175741866,0.0,0.005035763230295891,0.005035763230295891,,,,,,,,,,,,,,,0.07096311175741866,0.0,0.15631462978038546,0.388178001039831,0.3081263216473911,1.1020997285262022,0.05078245451742214,0.10317822101573153,0.0272654563675609,0.780402622179854,0.3435161947478366,0.9999676992024938,0.9999676992024938,0.9999676992024938,0.24102238692590572,0.24102238692590572,0.24102238692590572,-1.8880766100067543,-0.306794644805857,0.3691226548373042
24,0.0,0.0,0.11127961563590336,-0.11127961563590336,0.0,0.012383152856074386,0.012383152856074386,0.0,0.0,0.2022001587215081,0.2022001587215081,0.0,0.040884904187003066,0.040884904187003066,0.0,0.0,0.9514425412427782,0.9514425412427782,0.0,0.9052429092865156,0.9052429092865156,0.0,0.0,0.9109517405204481,-0.9109517405204481,0.0,0.8298330735572339,0.8298330735572339,0.9514425412427782,0.0,1.788344039886827,0.19356789602563965,0.4838558036758852,0.8752472722275738,0.05532834101382488,0.15947245553129147,0.07075172811059907,0.0324520742967146,0.9245334075012287,0.7054272754180013,0.7054272754180013,0.7054272754180013,0.6222442853673371,0.6222442853673371,0.6222442853673371,0.20602587512182174,0.1400534837695012,0.47195195320951944
25,0.0,0.0,0.3971069803112736,0.3971069803112736,0.0,0.15769395381193826,0.15769395381193826,0.0,0.0,0.06938357006895907,-0.06938357006895907,0.0,0.004814079795514153,0.004814079795514153,0.0,0.0,0.335575492944469,0.335575492944469,0.0,0.11261091146492334,0.11261091146492334,,,,,,,,0.3971069803112736,0.0,0.2751189450723758,0.14783748786447443,0.41222141227130876,0.3715840000412125,0.0868908187102233,0.00023079272039907555,0.15771403542655335,2.1570568104191276e-13,1.2759696924669432e-17,0.6809206630365956,0.6809206630365956,0.6809206630365956,0.9207590853150407,0.9207590853150407,0.9207590853150407,-1.6407510768461129,-0.22933551499532176,0.5939187636216491
26,0.0,0.0,0.42816215005567887,-0.42816215005567887,0.0,0.18332282674030168,0.18332282674030168,0.0,0.0,0.012889262651058215,0.012889262651058215,0.0,0.00016613309168796424,0.00016613309168796424,0.0,0.0,0.16814615835102417,0.16814615835102417,0.0,0.028273130568207697,0.028273130568207697,0.0,0.0,0.5041845437910498,-0.5041845437910498,0.0,0.254202054197789,0.254202054197789,0.16814615835102417,0.0,0.46596414459798635,0.19205912671926814,0.5928299963913641,1.0068041817559745,0.05016932608812098,0.35182383672392065,0.08236568483326291,0.0194641561432457,9.77923366078501e-37,0.7504572884302201,0.7504572884302201,0.7504572884302201,0.16579179431905963,0.16579179431905963,0.16579179431905963,-1.1561897475916367,-0.17401538478182565,0.5993144161952737
27,0.0,0.0,1.1119567311562473,1.1119567311562473,0.0,1.2364477719636868,1.2364477719636868,0.0,0.0,0.3547414314592954,-0.3547414314592954,0.0,0.12584148319378996,0.12584148319378996,0.0,0.0,0.08392223077486947,-0.08392223077486947,0.0,0.007042940818230449,0.007042940818230449,,,,,,,,1.1119567311562473,0.0,1.3693321959757072,0.3326186659876317,0.40144657391216154,0.5482749553172503,0.09364407482391783,4.3120291898595634e-05,0.15190395819699004,1.064709910734579e-12,1.6000754518361433e-39,0.6751750740017134,0.6751750740017134,0.6751750740017134,0.04265657052429225,0.04265657052429225,0.04265657052429225,0.2174112248684989,0.15978595205099952,0.7601654018990066
28,0.0,0.0,0.6473863259835324,0.6473863259835324,0.0,0.4191090550704565,0.4191090550704565,0.0,0.0,0.019083416790441014,0.019083416790441014,0.0,0.000364176796397686,0.000364176796397686,0.0,0.0,0.3746638413031125,-0.3746638413031125,0.0,0.14037299398000386,0.14037299398000386,,,,,,,,0.6473863259835324,0.0,0.559846225846858,0.30530340485415847,-0.18924336787471532,0.566676854170944,0.10891517378655642,4.29037475327671e-06,0.18027867095391212,5.733010085408063e-16,5.9442567656516215e-62,0.29055763236183224,0.29055763236183224,0.29055763236183224,0.5291528258969302,0.5291528258969302,0.5291528258969302,-0.8164630306929349,-0.06414535778398554,0.7051990245423758
29,0.0,0.0,0.24047341779849124,-0.24047341779849124,0.0,0.05782746466768773,0.05782746466768773,0.0,0.0,0.6437788672611447,-0.6437788672611447,0.0,0.41445122993204264,0.41445122993204264,,,,,,,,,,,,,,,-0.24047341779849124,0.0,0.4722786945997304,0.38650723621543215,1.8406341623412061,1.0295884686747878,0.05359425520715843,0.3999956630943165,0.056368362819975724,0.3393692004846993,7.967978506628473e-09,0.5592823697383474,0.5592823697383474,0.5592823697383474,0.7666054831205068,0.7666054831205068,0.7666054831205068,-0.8711595078058582,-0.17191251994525317,0.4851557364156651
30,0.0,0.0,0.24576776503466496,0.24576776503466496,0.0,0.06040179433013429,0.06040179433013429,0.0,0.0,0.1746530066642396,0.1746530066642396,0.0,0.030503672736858924,0.030503672736858924,0.0,0.0,0.10713332061855868,0.10713332061855868,0.0,0.011477548386758891,0.011477548386758891,0.0,0.0,0.20327396387360594,-0.20327396387360594,0.0,0.041320304388888056,0.041320304388888056,0.24576776503466496,0.0,0.14370331984264015,0.2732694618689639,0.24444142242815942,0.9945805828367064,0.05151578199093218,0.23532695762831143,0.0620367480689709,0.09086601865510724,6.884914132338219e-06,0.8432317302367316,0.8432317302367316,0.8432317302367316,0.9769050815284349,0.9769050815284349,0.9769050815284349,-2.5243280701975404,-0.39341381558462724,0.4740635834670477
31,0.0,0.0,0.019224425408400005,-0.019224425408400005,0.0,0.00036957853228313566,0.00036957853228313566,0.0,0.0,0.38032473463100674,0.38032473463100674,0.0,0.1446469037721457,0.1446469037721457,0.0,0.0,0.038563501009695245,0.038563501009695245,0.0,0.001487143610124766,0.001487143610124766,0.0,0.0,0.47716487634107707,0.47716487634107707,0.0,0.22768631921359536,0.22768631921359536,0.47716487634107707,0.0,0.37418994512814896,0.2845777243151616,1.1451921668835972,0.7420902064381596,0.055590885002649706,0.09149188558486059,0.10231849496555379,6.128265945889453e-05,1.2371538615402848e-07,0.6132352084273883,0.6132352084273883,0.6132352084273883,0.6338372214643919,0.6338372214643919,0.6338372214643919,-1.3102523058888453,-0.16535706472135456,0.6239106856746099
32,0.0,0.0,0.4486498013742672,-0.4486498013742672,0.0,0.2012866442731694,0.2012866442731694,0.0,0.0,0.025266768533625472,-0.025266768533625472,0.0,0.0006384095921318063,0.0006384095921318063,,,,,,,,,,,,,,,-0.025266768533625472,0.0,0.20192505386530119,0.6318182070187651,9.881020288603803,1.3900979115733978,0.06867313597031345,0.005141121342456168,0.09652233880104429,1.5650470566067155e-05,1.6421437906189423e-18,0.1108539589181084,0.1108539589181084,0.1108539589181084,0.4296243807324224,0.4296243807324224,0.4296243807324224,-1.6030202662709523,-0.2699774631044504,0.6909253190514524
33,0.0,0.0,0.16890635095251227,-0.16890635095251227,0.0,0.028529355392093243,0.028529355392093243,0.0,0.0,0.08570274558424316,-0.08570274558424316,0.0,0.007344960600677511,0.007344960600677511,,,,,,,,,,,,,,,-0.08570274558424316,0.0,0.03587431599277075,0.5046598593723643,1.305261641131477,1.0043222978424697,0.04775856045496557,0.24730177896164518,0.08114687763955654,0.005041295442002973,0.27639065371635196,0.9838636390997539,0.9838636390997539,0.9838636390997539,0.56364019094536,0.56364019094536,0.56364019094536,-3.5247328340844106,-0.5969779996345399,0.42010727144458054
34,0.0,0.0,1.123434136895992,-1.123434136895992,0.0,1.2621042599432424,1.2621042599432424,0.0,0.0,0.5142326369386352,0.5142326369386352,0.0,0.2644352048928622,0.2644352048928622,,,,,,,,,,,,,,,0.5142326369386352,0.0,1.5265394648361046,0.18281470660115098,-0.2730616531474225,0.8013242202560033,0.07614070837900283,0.03513259847602089,0.07803438463240553,0.028699095455222888,7.790706663901152e-39,0.7870680774375968,0.7870680774375968,0.7870680774375968,0.515699791671201,0.515699791671201,0.515699791671201,0.2542614293851879,0.09951386455737969,0.6768596472143474
35,0.0,0.0,0.4682380579064124,-0.4682380579064124,0.0,0.21924687887196878,0.21924687887196878,0.0,0.0,0.4689411521726714,0.4689411521726714,0.0,0.21990580420103256,0.21990580420103256,0.0,0.0,0.005280748366219989,0.005280748366219989,0.0,2.7886303307335086e-05,2.7886303307335086e-05,0.0,0.0,1.2115869051219486,-1.2115869051219486,0.0,1.4679428286629816,1.4679428286629816,0.4689411521726714,0.0,1.9071233980392903,0.0920501286523248,1.179227948631476,0.6437226071541622,0.06010390480978716,0.24414474868418792,0.10066700184347244,0.005749801964882534,2.329296524852771e-23,0.3094711493770891,0.3094711493770891,0.3094711493770891,0.2277641744015469,0.2277641744015469,0.2277641744015469,0.4057503390960033,0.1197296289796307,0.7202434832882485
36,0.0,0.0,0.9260508992348503,0.9260508992348503,0.0,0.8575702679736749,0.8575702679736749,0.0,0.0,0.16726764946885028,0.16726764946885028,0.0,0.02797846655883417,0.02797846655883417,,,,,,,,,,,,,,,0.9260508992348503,0.0,0.885548734532509,0.21925934805796105,0.3648608906655982,0.5612331840330981,0.05433860911987628,0.03921852955499275,0.07426195643647203,0.0013183738086439412,1.0681670321382197e-148,0.0008895418471978774,0.0008895418471978774,0.0008895418471978774,0.94399204183207,0.94399204183207,0.94399204183207,-0.1531202368676429,0.07737450488148734,0.7128793619356434
37,0.0,0.0,0.059224226143676076,-0.059224226143676076,0.0,0.0035075089623172848,0.0035075089623172848,0.0,0.0,0.8212529458675121,0.8212529458675121,0.0,0.6744564010960667,0.6744564010960667,0.0,0.0,0.1005645573651504,-0.1005645573651504,0.0,0.010113230198048625,0.010113230198048625,,,,,,,,0.8212529458675121,0.0,0.6880771402564327,0.42361773771674205,1.4404322092653992,0.7143582927425743,0.0602513973810586,0.07122148747403144,0.06262115484887519,0.05461913424189444,0.038883054141013104,0.8279260363087465,0.8279260363087465,0.8279260363087465,0.8339497431720337,0.8339497431720337,0.8339497431720337,-0.39372231794396473,0.025629940994618333,0.6059936750794579
38,0.0,0.0,0.04643664994827512,0.04643664994827512,0.0,0.00215636245841864,0.00215636245841864,0.0,0.0,0.06740047269468613,0.06740047269468613,0.0,0.0045428237194671305,0.0045428237194671305,,,,,,,,,,,,,,,0.06740047269468613,0.0,0.0066991861778857706,0.3060005238939063,-1.627748046985625,1.1703088446103258,0.046848640648344354,0.22944415885408406,0.03234660583311369,0.6763923280983879,0.9653696811911011,0.9979925082104328,0.9979925082104328,0.9979925082104328,0.656077462102018,0.656077462102018,0.656077462102018,-5.292607169216854,-0.874612253458955,0.08542931864824929
39,0.0,0.0,0.3341909799490121,0.3341909799490121,0.0,0.111683611079281,0.111683611079281,0.0,0.0,0.3713731827850275,-0.3713731827850275,0.0,0.13791804089188145,0.13791804089188145,,,,,,,,,,,,,,,0.3341909799490121,0.0,0.24960165197116246,0.10141465505187103,1.1038645388991497,0.23716258302974783,0.17138998479321968,5.896483807015057e-13,0.33248260436494853,3.520315294952234e-48,2.006853910017057e-26,0.545200823615588,0.545200823615588,0.545200823615588,0.8017679842291129,0.8017679842291129,0.8017679842291129,-1.7289693502709282,-0.2510292272730423,0.6150972737608036
40,0.0,0.0,0.5743838864206093,-0.5743838864206093,0.0,0.32991684897964346,0.32991684897964346,0.0,0.0,0.2826446491147632,-0.2826446491147632,0.0,0.07988799767320762,0.07988799767320762,,,,,,,,,,,,,,,-0.2826446491147632,0.0,0.4098048466528511,0.4965170564648685,1.6965068019812561,1.5877503311680197,0.07297328872771364,0.011415043057525777,0.09012192869310692,0.0007670628807629673,2.0690914053665968e-14,0.8850678313620499,0.8850678313620499,0.8850678313620499,0.6122545205739501,0.6122545205739501,0.6122545205739501,-1.0804246394991481,-0.2114757342626095,0.6055361967662163
41,0.0,0.0,0.509051633076489,-0.509051633076489,0.0,0.2591335651378404,0.2591335651378404,0.0,0.0,0.1340872042666212,0.1340872042666212,0.0,0.017979378348038602,0.017979378348038602,0.0,0.0,0.40658115275601725,-0.40658115275601725,0.0,0.16530823377641182,0.16530823377641182,0.0,0.0,0.5169842575349257,-0.5169842575349257,0.0,0.2672727225389384,0.2672727225389384,0.1340872042666212,0.0,0.7096938998012292,0.30373263119558475,0.9698464758364876,0.7365743558984195,0.06565382732783615,0.10883533486971962,0.08947437780036899,0.009188287051666903,0.0049577953591414614,0.7392961948740568,0.7392961948740568,0.7392961948740568,0.8719514406235798,0.8719514406235798,0.8719514406235798,-0.8971764656869058,-0.13463083269597084,0.5873527864549366
42,0.0,0.0,0.1543834050061596,-0.1543834050061596,0.0,0.023834235741295905,0.023834235741295905,0.0,0.0,0.2089002331650533,-0.2089002331650533,0.0,0.043639307416413635,0.043639307416413635,0.0,0.0,0.06688325884613341,0.06688325884613341,0.0,0.004473370313878884,0.004473370313878884,0.0,0.0,1.0554013782868978,1.0554013782868978,0.0,1.1138720692898836,1.1138720692898836,1.0554013782868978,0.0,1.185818982761472,4.722164339919011,-1.432584366793382,26.005520475593606,0.3497118917978619,6.604649082448496e-42,0.5831629079955547,1.1705686676436086e-121,1.302427004314461e-64,0.9052143930397774,0.9052143930397774,0.9052143930397774,0.5425831606898007,0.5425831606898007,0.5425831606898007,0.10884574097226307,0.1354077766383658,0.6823017999547154
43,0.0,0.0,0.5223214219772861,0.5223214219772861,0.0,0.27281966785637424,0.27281966785637424,0.0,0.0,0.036987805690836977,0.036987805690836977,0.0,0.0013680977698231121,0.0013680977698231121,,,,,,,,,,,,,,,0.5223214219772861,0.0,0.27418776562619734,0.10043459620799085,2.447352923612038,0.3406732380639871,0.07597791909142106,0.03456461311850919,0.1213452693823916,6.658333953562052e-05,6.244438701660754e-60,0.6324526014579532,0.6324526014579532,0.6324526014579532,0.09942570317300817,0.09942570317300817,0.09942570317300817,-1.2989316861128428,-0.15845290079910868,0.6881953500854732
44,0.0,0.0,0.31140617385793157,0.31140617385793157,0.0,0.0969738051168363,0.0969738051168363,0.0,0.0,0.02569566175643964,-0.02569566175643964,0.0,0.0006602670331013547,0.0006602670331013547,0.0,0.0,0.8648757666845879,0.8648757666845879,0.0,0.7480100917982537,0.7480100917982537,0.0,0.0,0.34781721345102606,0.34781721345102606,0.0,0.12097681397283662,0.12097681397283662,0.8648757666845879,0.0,0.9666209779210281,0.9195754621078785,-16.34374540788797,0.980288833177498,0.045601291364003226,0.2523710746508556,0.05885122410546139,0.06478938756076498,1.062761482927009e-26,0.9930926722754762,0.9930926722754762,0.9930926722754762,0.31499007064515233,0.31499007064515233,0.31499007064515233,-0.269304994761195,0.051213141615866146,0.6160022615887863
45,0.0,0.0,0.3539025157057256,-0.3539025157057256,0.0,0.12524699062284136,0.12524699062284136,0.0,0.0,0.560755261373025,-0.560755261373025,0.0,0.3144464631575296,0.3144464631575296,0.0,0.0,0.8207183256813981,-0.8207183256813981,0.0,0.6735785701092775,0.6735785701092775,,,,,,,,-0.3539025157057256,0.0,1.1132720238896483,0.1588348113820952,0.6960697575686399,0.5497394594430663,0.0880707887262399,0.0004577209496417621,0.17146966717646203,3.177569581002637e-14,1.0924404163238958e-118,0.016474784543578775,0.016474784543578775,0.016474784543578775,0.2577256910414785,0.2577256910414785,0.2577256910414785,-0.28257801102093727,-0.08641883691523683,0.7552046408685122
46,0.0,0.0,0.37202227282956857,-0.37202227282956857,0.0,0.13840057148127796,0.13840057148127796,0.0,0.0,0.4427416030012784,0.4427416030012784,0.0,0.19602012702814162,0.19602012702814162,0.0,0.0,1.0246289273489941,-1.0246289273489941,0.0,1.0498644387603504,1.0498644387603504,,,,,,,,0.4427416030012784,0.0,1.38428513726977,0.12215902332696124,-9.536607272922247,0.9709915534599926,0.08687549563838223,0.03762472400506459,0.07568067671160454,0.09746033027969418,0.20381475549995728,0.9912506537043497,0.9912506537043497,0.9912506537043497,0.0009774351925824591,0.0009774351925824591,0.0009774351925824591,0.07412117922269675,0.061547041315035945,0.6453066374163707
47,0.0,0.0,0.5966967093171388,0.5966967093171388,0.0,0.35604696290990206,0.35604696290990206,0.0,0.0,0.25548721714299805,-0.25548721714299805,0.0,0.06527371812347343,0.06527371812347343,0.0,0.0,0.5214923317820289,-0.5214923317820289,0.0,0.2719542521074577,0.2719542521074577,0.0,0.0,1.3428592233096202,-1.3428592233096202,0.0,1.8032708936277162,1.8032708936277162,0.5966967093171388,0.0,2.4965458267685494,0.7956890695338706,-2.108696615106297,1.059839953128432,0.02634085557899887,0.8140042395347221,0.031773078922423016,0.6020893289946678,0.9553874272848839,0.5454882044056395,0.5454882044056395,0.5454882044056395,0.49665606306927024,0.49665606306927024,0.49665606306927024,0.6201680554204178,0.1696609769386406,0.25542156947738237
48,0.0,0.0,0.04735488490615229,-0.04735488490615229,0.0,0.00224248512447493,0.00224248512447493,0.0,0.0,0.021858802743989398,0.021858802743989398,0.0,0.0004778072574006384,0.0004778072574006384,0.0,0.0,0.7837070564426392,0.7837070564426392,0.0,0.614196750317986,0.614196750317986,0.0,0.0,0.8000682928790541,-0.8000682928790541,0.0,0.6401092732704039,0.6401092732704039,0.7837070564426392,0.0,1.2570263159702655,1.1220153472690602,-0.3049186044015055,1.4767208252215482,0.026597160603371785,0.8130261867503891,0.04279059449866903,0.2508795265060658,0.7460391398223283,0.30783589333384237,0.30783589333384237,0.30783589333384237,0.9665348244813075,0.9665348244813075,0.9665348244813075,-0.11977445131745078,0.06711615327405145,0.32399718825753865
49,0.0,0.0,0.7910008433921898,-0.7910008433921898,0.0,0.6256823342471556,0.6256823342471556,0.0,0.0,0.37742672151410367,0.37742672151410367,0.0,0.14245093011288476,0.14245093011288476,0.0,0.0,0.6289355669757122,0.6289355669757122,0.0,0.3955599474070605,0.3955599474070605,,,,,,,,0.6289355669757122,0.0,1.1636932117671008,0.2645523254164047,0.7631525273582117,1.4875511499494163,0.08441422937155497,0.028500848556604508,0.12860153764976284,0.0001072920233062793,5.338038112165093e-06,0.9826183435995668,0.9826183435995668,0.9826183435995668,0.5777566319216619,0.5777566319216619,0.5777566319216619,-0.2826071828689575,0.022780532519141777,0.6427959132281009
50,0.0,0.0,0.3807061916835645,0.3807061916835645,0.0,0.14493720438620297,0.14493720438620297,0.0,0.0,0.18920718691300667,0.18920718691300667,0.0,0.035799359579533445,0.035799359579533445,0.0,0.0,0.9402930065069,0.9402930065069,0.0,0.884150938085785,0.884150938085785,,,,,,,,0.9402930065069,0.0,1.0648875020515214,0.22379748342149514,1.5416602128179435,1.7116687587939396,0.08769243322635044,0.027562288144512392,0.14983408584017843,7.705418092146068e-06,9.936670057258566e-27,0.8489041489615744,0.8489041489615744,0.8489041489615744,0.11527950014750507,0.11527950014750507,0.11527950014750507,-0.10907099706427766,0.08629850121227593,0.7153273366190264
51,0.0,0.0,0.1165477303925053,-0.1165477303925053,0.0,0.013583373459644102,0.013583373459644102,0.0,0.0,0.2668889717426428,0.2668889717426428,0.0,0.0712297232378452,0.0712297232378452,,,,,,,,,,,,,,,0.2668889717426428,0.0,0.08481309669748929,0.18209113709688673,0.6204782691329336,0.952002947694485,0.04444221421278156,0.5664637836212518,0.05338883701176108,0.3366367764210291,8.798665589523293e-07,0.6526683429354054,0.6526683429354054,0.6526683429354054,0.4217778342400287,0.4217778342400287,0.4217778342400287,-2.623985016533453,-0.40767650589528187,0.43039979312163223
52,0.0,0.0,0.7914609450564979,-0.7914609450564979,0.0,0.6264104275497248,0.6264104275497248,1.0,1.0,1.7162319701219972,-1.7162319701219972,0.0,2.945452175268832,2.945452175268832,,,,,,,,,,,,,,,-0.7914609450564979,1.0,3.5718626028185567,0.4127686013519864,-0.06487435099350083,0.6091504989891428,0.0898390418455463,0.0004214940756610145,0.17003757030471706,1.3864226479681967e-13,3.994598469294383e-11,0.9078947021532794,0.9078947021532794,0.9078947021532794,0.5737939564592508,0.5737939564592508,0.5737939564592508,1.1023801969470797,0.12912326115156905,0.6775714875459118
53,0.0,0.0,0.6504130555325274,-0.6504130555325274,0.0,0.42303714280715854,0.42303714280715854,1.0,1.0,1.011240942781124,1.011240942781124,1.0,1.0226082443568565,1.0226082443568565,0.0,0.0,0.2843169290717949,-0.2843169290717949,0.0,0.08083611615681605,0.08083611615681605,,,,,,,,1.011240942781124,1.0,1.526481503320831,0.1731965828986488,-1.2596220674406757,0.5891777312418965,0.059582428404364764,0.059057917166468944,0.0830321788344808,0.002186617854534157,9.850966977282139e-90,0.842725447952024,0.842725447952024,0.842725447952024,0.4141762408457259,0.4141762408457259,0.4141762408457259,0.10400379857624456,0.16302740451616562,0.6946664050192575
54,0.0,0.0,0.4775197194910702,0.4775197194910702,0.0,0.22802508250283035,0.22802508250283035,0.0,0.0,0.3612437817551183,-0.3612437817551183,0.0,0.13049706985673953,0.13049706985673953,0.0,0.0,1.7299346475372404,-1.7299346475372404,0.0,2.992673884749796,2.992673884749796,,,,,,,,0.4775197194910702,0.0,3.351196037109366,0.13832911596232764,0.3982778645183105,0.3647780662709548,0.12501727466358928,1.1387551177039053e-07,0.23114782125531597,2.7196652635173854e-25,1.1469558138199215e-07,0.44883973094586394,0.44883973094586394,0.44883973094586394,0.6666625788794114,0.6666625788794114,0.6666625788794114,1.1000060057459138,0.23639208090110453,0.7357281394834747
55,0.0,0.0,0.6324493292791279,0.6324493292791279,0.0,0.3999921541056187,0.3999921541056187,0.0,0.0,0.20944397570065554,-0.20944397570065554,0.0,0.043866778957296786,0.043866778957296786,,,,,,,,,,,,,,,0.6324493292791279,0.0,0.4438589330629155,0.24499788837303021,1.0445385513957417,0.8331745699809233,0.03747215297367273,0.586520154411913,0.06086416116811254,0.08700399483675582,0.9610472582427361,0.4973544166787691,0.4973544166787691,0.4973544166787691,0.2669197687771633,0.2669197687771633,0.2669197687771633,-0.9103325678878768,-0.08144994695029859,0.38036831056606607
56,0.0,0.0,0.19256374353072825,0.19256374353072825,0.0,0.03708079532256808,0.03708079532256808,0.0,0.0,0.03776742905258114,0.03776742905258114,0.0,0.0014263786972417499,0.0014263786972417499,0.0,0.0,0.21381722523378535,-0.21381722523378535,0.0,0.045717805806675296,0.045717805806675296,0.0,0.0,0.3823377584979656,0.3823377584979656,0.0,0.14618216157324865,0.14618216157324865,0.3823377584979656,0.0,0.23040714139973378,0.419052398903865,2.3726200469102223,1.153269038001131,0.05266955266955267,0.07622783425072627,0.07138694638694638,0.00503749577429083,0.8105423666426694,0.997867627119615,0.997867627119615,0.997867627119615,0.7467171007778746,0.7467171007778746,0.7467171007778746,-1.84772324361061,-0.26547190076866106,0.39408560772298157
57,0.0,0.0,0.6201527209364164,-0.6201527209364164,0.0,0.3845893972848407,0.3845893972848407,0.0,0.0,0.5686700432926328,-0.5686700432926328,0.0,0.3233856181384449,0.3233856181384449,,,,,,,,,,,,,,,-0.5686700432926328,0.0,0.7079750154232856,0.17047658418338046,0.7498384834716177,0.5887783980402501,0.10022009902660936,9.21719328986072e-05,0.12506866874198866,3.5603827305277427e-07,4.4452015977072674e-33,0.8910939311943684,0.8910939311943684,0.8910939311943684,0.689874759505567,0.689874759505567,0.689874759505567,-0.688197238494903,-0.17788510011499858,0.6063076053127724
58,0.0,0.0,0.27692007162773496,-0.27692007162773496,0.0,0.07668472607030986,0.07668472607030986,0.0,0.0,0.9145902411976645,-0.9145902411976645,0.0,0.8364753092940022,0.8364753092940022,,,,,,,,,,,,,,,-0.27692007162773496,0.0,0.913160035364312,0.1354100863759833,2.489683616935976,0.5768335606104243,0.07392215821356898,0.013285550247503304,0.12743791994017567,7.037218613463001e-07,2.761954842586317e-38,0.9932989793957671,0.9932989793957671,0.9932989793957671,0.7205631771405239,0.7205631771405239,0.7205631771405239,-0.1743735900241198,-0.05983116185154608,0.6139903011821888
59,0.0,0.0,0.2986435175785152,-0.2986435175785152,0.0,0.08918795059166892,0.08918795059166892,0.0,0.0,0.4067284915640929,0.4067284915640929,0.0,0.1654280658500024,0.1654280658500024,0.0,0.0,0.5820356303754766,0.5820356303754766,0.0,0.3387654750265784,0.3387654750265784,0.0,0.0,0.6467562587512351,0.6467562587512351,0.0,0.4182936582338946,0.4182936582338946,0.6467562587512351,0.0,1.0116751497021443,0.2980666876367389,0.6471106361888991,0.4624922906183876,0.07569299870498172,0.010635472448976708,0.14126120261064445,2.5495254707941627e-08,7.950092952648619e-05,0.967544996172849,0.967544996172849,0.967544996172849,0.9691276866734713,0.9691276866734713,0.9691276866734713,-0.5618841824174898,-0.021785557208333296,0.5998326204989497
60,0.0,0.0,0.7460756093762889,-0.7460756093762889,0.0,0.5566288149062009,0.5566288149062009,0.0,0.0,0.21142815711841545,0.21142815711841545,0.0,0.04470186562248937,0.04470186562248937,0.0,0.0,0.23727260406767187,0.23727260406767187,0.0,0.05629828864105418,0.05629828864105418,,,,,,,,0.23727260406767187,0.0,0.6576289691697443,0.11982210728091015,-0.8305534288892842,0.6560579690156851,0.053748244165701474,0.29185626413852817,0.08361960620025136,0.01972286227209068,4.61100207015005e-36,0.23967804180319582,0.23967804180319582,0.23967804180319582,0.9937390658692612,0.9937390658692612,0.9937390658692612,-0.5775859364897007,-0.0699007000740977,0.6003623239358109
61,0.0,0.0,1.1495195581984456,1.1495195581984456,0.0,1.3213952146807497,1.3213952146807497,0.0,0.0,0.3723486215521984,-0.3723486215521984,0.0,0.13864349597182227,0.13864349597182227,0.0,0.0,0.22471718191057516,0.22471718191057516,0.0,0.05049781184583053,0.05049781184583053,,,,,,,,1.1495195581984456,0.0,1.5105365224984026,0.18274019245277745,-11.890238999246696,0.4646786054263494,0.14751098265363038,2.4736690525670246e-07,0.2120147695371382,1.007957655756447e-14,1.3080115085241427e-22,0.7431303844671036,0.7431303844671036,0.7431303844671036,0.0010533463263126858,0.0010533463263126858,0.0010533463263126858,0.2848841414986033,0.17520508560515005,0.7606225945683053
62,0.0,0.0,1.0384354226467294,-1.0384354226467294,0.0,1.0783481270074915,1.0783481270074915,0.0,0.0,0.06927424976079272,-0.06927424976079272,0.0,0.0047989216799206895,0.0047989216799206895,0.0,0.0,0.6573800868684556,-0.6573800868684556,0.0,0.4321485786111782,0.4321485786111782,,,,,,,,-0.06927424976079272,0.0,1.5152956272985905,0.7478293323422778,1.163400180240677,1.4921972863066884,0.05831274796017666,0.06894094856511235,0.10822292087731118,1.9594099687749028e-05,0.9068610244934678,0.9991886456943151,0.9991886456943151,0.9991886456943151,0.29511026296809906,0.29511026296809906,0.29511026296809906,0.14990787043053017,0.017287506209444723,0.478863296943994
63,0.0,0.0,0.029234142005089246,0.029234142005089246,0.0,0.0008546350587737235,0.0008546350587737235,0.0,0.0,0.2957942355442826,-0.2957942355442826,0.0,0.08749422978122652,0.08749422978122652,,,,,,,,,,,,,,,0.029234142005089246,0.0,0.08834886484000025,0.4852471450760373,-5.0629289104419986,0.8410598173620084,0.031162217886448865,0.6806799898527943,0.03792879184136604,0.43213657431717545,1.013045198965189e-52,0.8265711651020312,0.8265711651020312,0.8265711651020312,0.1791274882700039,0.1791274882700039,0.1791274882700039,-2.436134729460382,-0.40277421690949816,0.3963119784469029
64,0.0,0.0,0.17020655780576863,-0.17020655780576863,0.0,0.028970272320088458,0.028970272320088458,0.0,0.0,0.1982121270285004,-0.1982121270285004,0.0,0.039288047301162386,0.039288047301162386,,,,,,,,,,,,,,,-0.17020655780576863,0.0,0.06825831962125084,0.28588600771170863,1.2049605278438158,1.043340071677166,0.03232465706719475,0.868292754253213,0.03154312367376741,0.8862455319430498,0.586179716510855,0.9934182043319074,0.9934182043319074,0.9934182043319074,0.12172779104977835,0.12172779104977835,0.12172779104977835,-3.0197337693709345,-0.5222008013180189,0.11590163965680408
65,0.0,0.0,0.32495729706361337,-0.32495729706361337,0.0,0.10559724491488946,0.10559724491488946,0.0,0.0,0.4978549000269929,0.4978549000269929,0.0,0.2478595014808871,0.2478595014808871,0.0,0.0,0.7101404239169021,0.7101404239169021,0.0,0.5042994216808775,0.5042994216808775,,,,,,,,0.7101404239169021,0.0,0.8577561680766541,0.21612644750820892,1.0927695894524831,1.2416805480318087,0.07452785732410193,0.04625249200085048,0.1133686156523,0.000338646317730244,3.512480436147381e-23,0.31514422135842296,0.31514422135842296,0.31514422135842296,0.6929041936739764,0.6929041936739764,0.6929041936739764,-0.5590458676017356,-0.014269819720633467,0.6870229668889173
66,0.0,0.0,0.17638297472887404,0.17638297472887404,0.0,0.03111095377420662,0.03111095377420662,0.0,0.0,0.13569988843510605,0.13569988843510605,0.0,0.01841445972130023,0.01841445972130023,0.0,0.0,0.2697078833355878,0.2697078833355878,0.0,0.07274234233336305,0.07274234233336305,,,,,,,,0.2697078833355878,0.0,0.1222677558288699,0.382885059167065,0.5960705817178982,0.6768430951641813,0.08297753723572542,0.0009742801080592552,0.14268140225641276,3.333850413038762e-10,4.778731086104257e-17,0.19192451179734077,0.19192451179734077,0.19192451179734077,0.16682130824884073,0.16682130824884073,0.16682130824884073,-2.510461606367364,-0.3884427251350509,0.6862420168800829
67,0.0,0.0,0.022342055171021623,0.022342055171021623,0.0,0.0004991674292649741,0.0004991674292649741,0.0,0.0,0.08847590423703083,0.08847590423703083,0.0,0.00782798563056025,0.00782798563056025,,,,,,,,,,,,,,,0.08847590423703083,0.0,0.008327153059825225,0.39913661095761477,1.151089810508571,1.074201229025801,0.03864789015995268,0.3931895988069762,0.07323089314254792,0.006283668983035514,0.9934696189979345,0.9994541792138659,0.9994541792138659,0.9994541792138659,0.8145693441444016,0.8145693441444016,0.8145693441444016,-4.848021070023332,-0.7981728556442186,0.18037449917774026
68,0.0,0.0,0.013535432426651787,-0.013535432426651787,0.0,0.0001832079309764567,0.0001832079309764567,0.0,0.0,0.05596448334267611,0.05596448334267611,0.0,0.003132023395812672,0.003132023395812672,1.0,1.0,1.3299746228903309,1.3299746228903309,1.0,1.7688324975322778,1.7688324975322778,,,,,,,,1.3299746228903309,1.0,1.772147728859067,0.1251431536958433,0.7216836377285626,0.9103697369512868,0.0756760969526927,0.06408920426608641,0.052037058685994855,0.38594586450764073,0.08535554842651502,0.9961102793414087,0.9961102793414087,0.9961102793414087,0.00927887635586423,0.00927887635586423,0.00927887635586423,0.5703212960390146,0.27616184077209477,0.6476153291446431
69,0.0,0.0,0.018694092045978924,0.018694092045978924,0.0,0.00034946907742353247,0.00034946907742353247,0.0,0.0,0.19298080879735746,-0.19298080879735746,0.0,0.037241592564082236,0.037241592564082236,,,,,,,,,,,,,,,0.018694092045978924,0.0,0.03759106164150577,2.027159930435609,-0.23588491274495504,2.6937346679456375,0.11161753942378069,4.749079936235245e-06,0.15724599108390444,1.378608975030498e-11,2.6434644144100955e-26,0.6020145115178333,0.6020145115178333,0.6020145115178333,0.32629274308929174,0.32629274308929174,0.32629274308929174,-3.290285036311194,-0.5463037180467569,0.5979075811111917
70,0.0,0.0,0.5107093974096601,-0.5107093974096601,0.0,0.2608240886025382,0.2608240886025382,0.0,0.0,0.46825165005781433,0.46825165005781433,0.0,0.21925960778186582,0.21925960778186582,,,,,,,,,,,,,,,0.46825165005781433,0.0,0.480083696384404,0.7329133214710053,0.9492783749306248,0.8820706407817193,0.03732228798748248,0.4786218742576616,0.027064315206657776,0.8470511605795403,0.9875132518668888,0.9398445278156915,0.9398445278156915,0.9398445278156915,0.6157387934527477,0.6157387934527477,0.6157387934527477,-1.0766345515885896,-0.12741113081389666,0.15632218436955864
71,0.0,0.0,0.10509692817778174,-0.10509692817778174,0.0,0.011045364312405813,0.011045364312405813,0.0,0.0,0.027423796659226795,0.027423796659226795,0.0,0.0007520646232066187,0.0007520646232066187,0.0,0.0,0.01932706337933498,-0.01932706337933498,0.0,0.0003735353788688312,0.0003735353788688312,0.0,0.0,0.17365363589671767,-0.17365363589671767,0.0,0.030155585260149793,0.030155585260149793,0.027423796659226795,0.0,0.042326549574631056,0.3183019729732654,0.06432176210522993,1.0052076072602685,0.06492630153727125,0.16557348560355545,0.050166827119627576,0.442974896976735,3.882305811609075e-12,0.3235039343225421,0.3235039343225421,0.3235039343225421,0.9298654545174887,0.9298654545174887,0.9298654545174887,-3.438097044769611,-0.5699690856105767,0.43895956747704695
72,0.0,0.0,0.08155484600112672,-0.08155484600112672,0.0,0.006651192906267495,0.006651192906267495,0.0,0.0,0.46697976241640266,-0.46697976241640266,0.0,0.21807009850647988,0.21807009850647988,1.0,1.0,1.372311508453703,-1.372311508453703,0.0,1.8832388762344776,1.8832388762344776,,,,,,,,-0.08155484600112672,1.0,2.107960167647225,0.3178097131491408,1.2812046421777232,1.5966981868404246,0.04565869987485509,0.3580061892009955,0.08327383191681574,0.006997204450592695,7.823249445885023e-25,0.8176862684503399,0.8176862684503399,0.8176862684503399,0.1379907637469451,0.1379907637469451,0.1379907637469451,0.6396589746349269,0.13088151288347374,0.6576079206266486
73,0.0,0.0,0.8332243156236095,-0.8332243156236095,0.0,0.6942627601464325,0.6942627601464325,0.0,0.0,0.15926436846272218,-0.15926436846272218,0.0,0.025365139061829738,0.025365139061829738,,,,,,,,,,,,,,,-0.15926436846272218,0.0,0.7196278992082622,0.39947604689407407,6.786143037135569,0.9675425276904427,0.02557966927273367,0.8122489797413811,0.037757518875922234,0.34494728809347563,0.013216576760631569,0.0006151437653096212,0.0006151437653096212,0.0006151437653096212,0.9277025244818109,0.9277025244818109,0.9277025244818109,-0.36423780203162315,-0.07840234127890632,0.457405196000409
74,0.0,0.0,0.4702295730247746,0.4702295730247746,0.0,0.22111585134706183,0.22111585134706183,0.0,0.0,0.5527368494637187,-0.5527368494637187,0.0,0.3055180247550776,0.3055180247550776,0.0,0.0,0.5325264838451247,0.5325264838451247,0.0,0.2835844559964518,0.2835844559964518,0.0,0.0,0.24350604363445813,-0.24350604363445813,0.0,0.05929519328650663,0.05929519328650663,0.5325264838451247,0.0,0.8695135253850979,0.4412733163219978,5.764751487334128,1.7491933385046627,0.2025862068965517,4.031209668700228e-12,0.36637931034482757,2.4256672647215774e-39,1.8438963215447216e-11,0.2036163064181576,0.2036163064181576,0.2036163064181576,0.8799933297738629,0.8799933297738629,0.8799933297738629,-0.7432351769522586,-0.06470292017591814,0.6786984523411203
75,0.0,0.0,0.38630604365652305,0.38630604365652305,0.0,0.14923235936555548,0.14923235936555548,0.0,0.0,1.2167080682528604,1.2167080682528604,0.0,1.4803785233516071,1.4803785233516071,,,,,,,,,,,,,,,1.2167080682528604,0.0,1.6296108827171627,0.6156982782549965,-1.6463009590454027,3.112341412684832,0.1988589949669293,2.109151415885175e-08,0.33635668924082324,1.6478623072321803e-23,0.0009731125996410741,0.387630366929239,0.387630366929239,0.387630366929239,0.8610458260238647,0.8610458260238647,0.8610458260238647,0.39735318579900414,0.2014153163279296,0.7152208172320444
76,0.0,0.0,0.6484259031264195,0.6484259031264195,0.0,0.4204561518453127,0.4204561518453127,0.0,0.0,0.3031643244883675,0.3031643244883675,0.0,0.09190860764248818,0.09190860764248818,0.0,0.0,1.2235374044527194,-1.2235374044527194,0.0,1.4970437800948975,1.4970437800948975,,,,,,,,0.6484259031264195,0.0,2.009408539582698,0.25166721473245157,1.5536065432143227,0.8943250754120146,0.04901301609593033,0.17177896872495022,0.06798951338074181,0.018133986540912778,5.804868470299891e-49,0.21451224643651984,0.21451224643651984,0.21451224643651984,0.06373637005346734,0.06373637005346734,0.06373637005346734,0.4431982900499212,0.14591370424458902,0.7633752881467465
77,0.0,0.0,0.79647240674606,0.79647240674606,0.0,0.6343682947078613,0.6343682947078613,0.0,0.0,0.6158862236550309,-0.6158862236550309,0.0,0.3793158404880547,0.3793158404880547,0.0,0.0,1.1948373361326274,1.1948373361326274,0.0,1.4276362598165133,1.4276362598165133,,,,,,,,1.1948373361326274,0.0,2.441320395012429,9.669841264065594,-0.9700534814162259,22.29533344421281,0.2824896133795549,1.7972270090609284e-35,0.4852999550133637,6.036845629282076e-107,2.0136399747600985e-74,0.08748216200667691,0.08748216200667691,0.08748216200667691,0.8460838694189771,0.8460838694189771,0.8460838694189771,0.474756152776146,0.21188572947742737,0.7490205427529201
78,0.0,0.0,0.9105076964768347,0.9105076964768347,0.0,0.8290242653435518,0.8290242653435518,0.0,0.0,0.05517460586052664,-0.05517460586052664,0.0,0.0030442371318644603,0.0030442371318644603,,,,,,,,,,,,,,,0.9105076964768347,0.0,0.8320685024754162,0.2294848526435333,1.425686114527408,0.7524594350975442,0.05295634322186439,0.3486566713446689,0.08511660942410415,0.023101154359854693,3.090917722384953e-07,0.6806871202747897,0.6806871202747897,0.6806871202747897,0.1309972916568841,0.1309972916568841,0.1309972916568841,-0.1874991116420919,0.06991766989041076,0.6584634658256556
79,0.0,0.0,0.9491991705207684,0.9491991705207684,0.0,0.9009790653173148,0.9009790653173148,0.0,0.0,0.8797652272920409,0.8797652272920409,0.0,0.7739868551522163,0.7739868551522163,,,,,,,,,,,,,,,0.9491991705207684,0.0,1.674965920469531,0.4016120660374889,0.6077440266391623,0.85014410647672,0.127981884758977,6.180540471333225e-08,0.2463400477244878,2.1942836843783175e-28,1.0576592673923949e-05,0.6126442282291806,0.6126442282291806,0.6126442282291806,0.9666294132144894,0.9666294132144894,0.9666294132144894,0.1720851679277173,0.1341474358235938,0.6688999953407361
80,0.0,0.0,0.2078257346682812,-0.2078257346682812,0.0,0.04319153599041081,0.04319153599041081,0.0,0.0,0.5299643940547752,-0.5299643940547752,0.0,0.2808622589658451,0.2808622589658451,,,,,,,,,,,,,,,-0.2078257346682812,0.0,0.3240537949562559,0.21728826359404133,0.965212190224056,0.44814521545101327,0.07568032828478667,0.0077327278581702874,0.1393831639154816,1.3844610335559888e-08,4.9324742907052715e-60,0.2763140965677828,0.2763140965677828,0.2763140965677828,0.5188881919886491,0.5188881919886491,0.5188881919886491,-1.2582041241464839,-0.232792435654223,0.6723747356729561
81,0.0,0.0,0.6350290046756291,-0.6350290046756291,0.0,0.4032618367793201,0.4032618367793201,0.0,0.0,0.4431939613662838,0.4431939613662838,0.0,0.19642088739153907,0.19642088739153907,0.0,0.0,0.5186599410259809,0.5186599410259809,0.0,0.269008134425074,0.269008134425074,0.0,0.0,0.5756087695485043,-0.5756087695485043,0.0,0.33132545558114307,0.33132545558114307,0.5186599410259809,0.0,1.200016314177076,0.6391678094582075,1.4394112625121016,1.3798775945539072,0.06148432135500114,0.013851798212588796,0.09370810581041755,1.9869876950844806e-05,1.6641604376884787e-05,0.5905217241708274,0.5905217241708274,0.5905217241708274,0.5247694139717005,0.5247694139717005,0.5247694139717005,-0.47941229342915587,-0.022273166568639213,0.681238590933236
82,0.0,0.0,0.316411440822331,-0.316411440822331,0.0,0.1001161998832635,0.1001161998832635,0.0,0.0,0.09432156693869323,-0.09432156693869323,0.0,0.008896557989770388,0.008896557989770388,0.0,0.0,0.05371862096891095,0.05371862096891095,0.0,0.0028856902388015196,0.0028856902388015196,0.0,0.0,0.10069739661039104,0.10069739661039104,0.0,0.010139965684110392,0.010139965684110392,0.10069739661039104,0.0,0.1220384137959458,0.661370219700296,-0.6501497226302432,1.004265944887217,0.03797725996631106,0.5735397204086791,0.051347557551937116,0.21664679342607623,0.8288106109497383,0.9748843870314775,0.9748843870314775,0.9748843870314775,0.41784480945669566,0.41784480945669566,0.41784480945669566,-2.292020085933675,-0.3708147480322357,0.26276470578783684
83,0.0,0.0,1.3074399960169996,-1.3074399960169996,0.0,1.709399343184932,1.709399343184932,0.0,0.0,0.38869087643535444,0.38869087643535444,0.0,0.15108059742408397,0.15108059742408397,,,,,,,,,,,,,,,0.38869087643535444,0.0,1.8604799406090158,0.16858159887971172,7.459849685432195,0.8741140759103717,0.06491985644014134,0.146083186435397,0.075154548517078,0.06049778320808521,0.02186595376817987,0.9106135879319414,0.9106135879319414,0.9106135879319414,0.14033049514592136,0.14033049514592136,0.14033049514592136,0.5400325848840879,0.13319330597349846,0.6758548682045811
84,0.0,0.0,0.0881895760174584,0.0881895760174584,0.0,0.007777401318139074,0.007777401318139074,0.0,0.0,0.20551232546012013,-0.20551232546012013,0.0,0.04223531591602634,0.04223531591602634,1.0,1.0,1.5059103603567299,-1.5059103603567299,0.0,2.267766013429736,2.267766013429736,0.0,0.0,0.13493071941834828,0.13493071941834828,0.0,0.01820629904275303,0.01820629904275303,0.13493071941834828,1.0,2.3359850297066544,0.2756842602924268,0.0037547957915005006,0.7443463273075014,0.04169327470442271,0.6665680256797697,0.057179152678441106,0.27859398447100847,0.0004888492317624036,0.7547801563334591,0.7547801563334591,0.7547801563334591,0.5452103970783417,0.5452103970783417,0.5452103970783417,0.8190067051007559,0.18482675300772025,0.5178361233838559
85,0.0,0.0,0.06519026016423506,0.06519026016423506,0.0,0.004249770020280652,0.004249770020280652,0.0,0.0,0.023966779126854378,-0.023966779126854378,0.0,0.0005744065017154227,0.0005744065017154227,0.0,0.0,0.18984888222214488,0.18984888222214488,0.0,0.03604259808099784,0.03604259808099784,,,,,,,,0.18984888222214488,0.0,0.04086677460299392,0.2473219884785515,-1.704105729678565,0.8835995576299284,0.04946941170717394,0.14477557712327205,0.05499779940339381,0.07829288621524037,0.05207593754181825,0.9984849535097249,0.9984849535097249,0.9984849535097249,0.0005943257385209892,0.0005943257385209892,0.0005943257385209892,-3.316025060433292,-0.5315765231586437,0.5387478872673805
86,0.0,0.0,0.04388154127264093,-0.04388154127264093,0.0,0.001925589664462489,0.001925589664462489,0.0,0.0,0.8413671695042957,0.8413671695042957,0.0,0.7078987139196702,0.7078987139196702,,,,,,,,,,,,,,,0.8413671695042957,0.0,0.7098243035841326,0.3000537437563805,4.132776187463269,1.056997587551274,0.022958731338152613,0.9333569987762247,0.030868568244130798,0.6744048866286624,0.8528355894502125,0.9846907280576919,0.9846907280576919,0.9846907280576919,0.32389240420515714,0.32389240420515714,0.32389240420515714,-0.34545055536607955,0.035910148495019605,0.18420422150169907
87,0.0,0.0,1.373379761038341,1.373379761038341,0.0,1.8861719680297304,1.8861719680297304,0.0,0.0,0.17370104126447752,-0.17370104126447752,0.0,0.030172051736363722,0.030172051736363722,,,,,,,,,,,,,,,1.373379761038341,0.0,1.9163440197660941,0.09271227292168763,0.618270672905385,0.17084496516587908,0.1424191714462116,9.116182465803329e-12,0.27216949900684173,3.786273229496327e-42,6.534593415179592e-11,1.6556055588248599e-06,1.6556055588248599e-06,1.6556055588248599e-06,0.6790607208316152,0.6790607208316152,0.6790607208316152,0.6346772882140111,0.25837729926215086,0.7837692221938204
88,0.0,0.0,0.2057720831407745,0.2057720831407745,0.0,0.04234215020009381,0.04234215020009381,0.0,0.0,0.8612454091859826,0.8612454091859826,0.0,0.7417436548439306,0.7417436548439306,0.0,0.0,0.07723482731828633,0.07723482731828633,0.0,0.005965218550885509,0.005965218550885509,,,,,,,,0.8612454091859826,0.0,0.7900510235949099,0.1254386261405315,4.37807138451989,0.870792873112619,0.03579589861922662,0.9027433627699825,0.026188172243105438,0.9946407301697814,2.7678940194501975e-39,0.14028128236203494,0.14028128236203494,0.14028128236203494,0.9415620069457293,0.9415620069457293,0.9415620069457293,-0.29709266446282345,0.04617849027686083,0.32157455053664286
89,0.0,0.0,0.5047131485550964,0.5047131485550964,0.0,0.2547353623243988,0.2547353623243988,0.0,0.0,0.07737047646874139,0.07737047646874139,0.0,0.0059861906290000644,0.0059861906290000644,,,,,,,,,,,,,,,0.5047131485550964,0.0,0.2607215529533989,0.32625994885892345,0.2675736005180906,0.716832686484859,0.06981006949137093,0.0062662359948225145,0.10336456411529722,6.668005420451202e-06,1.5911465559255852e-17,0.38492353624596454,0.38492353624596454,0.38492353624596454,0.49878736823672776,0.49878736823672776,0.49878736823672776,-1.3672540270585605,-0.1717964324480827,0.6760150422620657
90,0.0,0.0,0.13190962142078608,0.13190962142078608,0.0,0.017400148223375104,0.017400148223375104,0.0,0.0,0.16001826768707184,-0.16001826768707184,0.0,0.02560584599357138,0.02560584599357138,0.0,0.0,0.7671460079982231,-0.7671460079982231,0.0,0.5885129975876098,0.5885129975876098,,,,,,,,0.13190962142078608,0.0,0.6315189918045563,0.6002086047072588,0.29631801863182045,1.0185516908352665,0.036660642783742606,0.4806046497296955,0.04166578080153077,0.3232302360455559,0.5108764630818906,0.9764171124468229,0.9764171124468229,0.9764171124468229,0.3504168604624853,0.3504168604624853,0.3504168604624853,-0.5287745607294794,-0.07347246885260367,0.38967983916712
91,0.0,0.0,2.8677918619758573,2.8677918619758573,0.0,8.224230163614955,8.224230163614955,0.0,0.0,0.9820732990041151,0.9820732990041151,0.0,0.964467964616826,0.964467964616826,,,,,,,,,,,,,,,2.8677918619758573,0.0,9.188698128231781,0.2458461180810855,1.5744247189117606,0.8131556023744164,0.05895155758822859,0.1332128360113248,0.03347608902720114,0.7683566858741084,0.54569411315604,0.9253957381893982,0.9253957381893982,0.9253957381893982,0.4337784644106839,0.4337784644106839,0.4337784644106839,2.113914145264015,0.651976873552873,0.5050252274422717
92,0.0,0.0,0.9620628206051228,-0.9620628206051228,0.0,0.9255648707906847,0.9255648707906847,0.0,0.0,0.006459618044563423,-0.006459618044563423,0.0,4.172666528164938e-05,4.172666528164938e-05,,,,,,,,,,,,,,,-0.006459618044563423,0.0,0.9256065974559664,0.7178002178136744,0.2100917426566496,1.0439343891373538,0.02878131443751148,0.803455923829248,0.025171265746231533,0.9089992964317775,0.7970964496690113,0.8598557552719309,0.8598557552719309,0.8598557552719309,0.45387360199941296,0.45387360199941296,0.45387360199941296,-0.07735105571109244,-0.013609577956800232,0.1639948146954982
93,0.0,0.0,0.828532518753179,-0.828532518753179,0.0,0.686466134631487,0.686466134631487,0.0,0.0,0.417277275181342,-0.417277275181342,0.0,0.17412032438276542,0.17412032438276542,0.0,0.0,0.3094264011625954,0.3094264011625954,0.0,0.09574469773643542,0.09574469773643542,,,,,,,,0.3094264011625954,0.0,0.9563311567506879,0.12041893490732758,14.466709499270172,0.612113315868275,0.08197775373077988,0.022143511751196183,0.13772554546140875,6.299479863646763e-06,1.422792118472773e-16,0.9744481505035861,0.9744481505035861,0.9744481505035861,0.4197523807496092,0.4197523807496092,0.4197523807496092,-0.33596621802740856,-0.021613658430946384,0.6518272529422793
94,0.0,0.0,0.008631003108257969,-0.008631003108257969,0.0,7.449421465475871e-05,7.449421465475871e-05,0.0,0.0,0.17481121010668588,0.17481121010668588,0.0,0.030558959178963875,0.030558959178963875,0.0,0.0,0.10214424993348127,-0.10214424993348127,0.0,0.010433447794473489,0.010433447794473489,,,,,,,,0.17481121010668588,0.0,0.04106690118809212,0.16463379496659733,0.2584815586833387,0.44018173091352214,0.10315676397840727,0.0008035151217711636,0.1870422526735152,1.3855331349089923e-11,3.2454211829167964e-09,0.523702007448851,0.523702007448851,0.523702007448851,0.6067680660884154,0.6067680660884154,0.6067680660884154,-3.4329649571546486,-0.5527373584028097,0.5762448172895018
95,0.0,0.0,0.6090019796360775,-0.6090019796360775,0.0,0.3708834112006614,0.3708834112006614,0.0,0.0,0.34330041738405925,0.34330041738405925,0.0,0.1178551765760693,0.1178551765760693,0.0,0.0,0.8555183191398321,-0.8555183191398321,0.0,0.7319115943838437,0.7319115943838437,0.0,0.0,0.11778873571091023,0.11778873571091023,0.0,0.013874186260374658,0.013874186260374658,0.34330041738405925,0.0,1.234524368420949,0.14530089634144105,0.16737071148048757,0.3339559625497329,0.11522056869519001,6.762232064987799e-08,0.20507318219914553,3.722366282016601e-24,1.0110618295931789e-56,0.6029612877564683,0.6029612877564683,0.6029612877564683,0.40838844807012986,0.40838844807012986,0.40838844807012986,-0.18746934165318052,0.006899600544920943,0.7002449330018602
96,0.0,0.0,0.45591867537964537,-0.45591867537964537,0.0,0.20786183855993046,0.20786183855993046,0.0,0.0,0.6118993558066245,0.6118993558066245,0.0,0.374420821636562,0.374420821636562,0.0,0.0,0.07091668243453396,0.07091668243453396,0.0,0.005029175847520538,0.005029175847520538,0.0,0.0,1.6923132206790394,1.6923132206790394,0.0,2.8639240368850634,2.8639240368850634,1.6923132206790394,0.0,3.451235872929076,0.28754502903546214,-13.659255749598454,1.040893741894573,0.04318411816635446,0.367950495529739,0.04068212647761772,0.4419005163212375,0.5009692958046934,0.9272948167736971,0.9272948167736971,0.9272948167736971,0.8018906051655191,0.8018906051655191,0.8018906051655191,1.0632510386225864,0.3652433087347688,0.43796605802189814
97,0.0,0.0,0.15276603573043007,-0.15276603573043007,0.0,0.02333746167279104,0.02333746167279104,0.0,0.0,0.012302668465944598,-0.012302668465944598,0.0,0.0001513556513829476,0.0001513556513829476,0.0,0.0,0.016454146586411145,-0.016454146586411145,0.0,0.0002707389398871055,0.0002707389398871055,0.0,0.0,1.2893497186247145,1.2893497186247145,0.0,1.6624226969176303,1.6624226969176303,1.2893497186247145,0.0,1.6861822531816915,0.20102556933103535,3.0039285162951153,1.0193630962102993,0.10071530084250033,0.019203895856431438,0.07484355247764195,0.1518005283656448,0.542462483976402,0.9484486748682719,0.9484486748682719,0.9484486748682719,0.2609325477498949,0.2609325477498949,0.2609325477498949,0.5083745379293338,0.22799016950207948,0.5819665299989036
98,0.0,0.0,0.5396139285626508,0.5396139285626508,0.0,0.2911831918988176,0.2911831918988176,0.0,0.0,0.16316540996388443,-0.16316540996388443,0.0,0.026622951008682477,0.026622951008682477,,,,,,,,,,,,,,,0.5396139285626508,0.0,0.3178061429075001,0.4622829197509063,0.023850160021006556,1.2485474816024797,0.04019756333161247,0.2272570279318062,0.05068102956704436,0.06383582532682196,0.8094988560934218,0.9957578144261979,0.9957578144261979,0.9957578144261979,0.2167831651909543,0.2167831651909543,0.2167831651909543,-1.2296403129760805,-0.1449829489890522,0.42963097037006437
99,0.0,0.0,0.025181338827551497,0.025181338827551497,0.0,0.0006340998251479526,0.0006340998251479526,0.0,0.0,0.46871650193066233,-0.46871650193066233,0.0,0.21969515918211657,0.21969515918211657,0.0,0.0,0.3201016902668564,-0.3201016902668564,0.0,0.10246509211169848,0.10246509211169848,0.0,0.0,1.3780719868781155,-1.3780719868781155,0.0,1.899082401018197,1.899082401018197,0.025181338827551497,0.0,2.22187675213716,1.0392614416991592,13.839919388305429,2.9424256582926356,0.15191204248191312,2.56518852884809e-12,0.29141273744609575,1.3544653910221907e-44,3.153749818807726e-86,0.4670651485781434,0.4670651485781434,0.4670651485781434,0.17696195927202077,0.17696195927202077,0.17696195927202077,0.649452287091074,0.11103997438490694,0.757805284091452
